Product_Name,Product_Categorise,Product_price,Product_Images
Deadpool Ultimate Collector's 1/4 Scale Epic Marvel Action Figure,Figures,$250.00 USD,"['https://giftmania.online/cdn/shop/files/deadpool8.png?v=1723055250&width=1946', 'https://giftmania.online/cdn/shop/files/deadpool7.png?v=1723055250&width=1946', 'https://giftmania.online/cdn/shop/files/deadpool6.png?v=1723055250&width=1946', 'https://giftmania.online/cdn/shop/files/deadpool5.png?v=1723055250&width=1946', 'https://giftmania.online/cdn/shop/files/deadpool4.png?v=1723055250&width=1946']"
Conan and Shinichi Kudo (Detective Conan) Figure PVC,Figures,$125.00 USD,"['https://giftmania.online/cdn/shop/files/CENSOR_12.png?v=1719414586&width=1946', 'https://giftmania.online/cdn/shop/files/image-removebg-preview_31.png?v=1719414705&width=1946']"
Al Pacino (ScarFace),Figures,$165.00 USD,['https://giftmania.online/cdn/shop/files/CENSOR_11.png?v=1719414228&width=1946']
Al Pacino (ScarFace) Figure,Figures,$165.00 USD,"['https://giftmania.online/cdn/shop/files/CENSOR_10.png?v=1719414068&width=1946', 'https://giftmania.online/cdn/shop/files/CENSOR_9.png?v=1719414009&width=1946']"
Gray worm (Game of Thrones) Figure,Figures,$55.00 USD,['https://giftmania.online/cdn/shop/files/CENSOR_7.png?v=1719412274&width=1946']
"Neca (V For Vendetta) ""V""",Figures,$200.00 USD,"['https://giftmania.online/cdn/shop/files/CENSOR_5.png?v=1719412047&width=1946', 'https://giftmania.online/cdn/shop/files/CENSOR_6.png?v=1719412077&width=1946']"
Kazama Chikage (hakuouki shinsengumi) PVC mask,Figures,$55.00 USD,"['https://giftmania.online/cdn/shop/files/CENSOR_2.png?v=1719411331&width=1946', 'https://giftmania.online/cdn/shop/files/CENSOR_3.png?v=1719411496&width=1946']"
Dark Elf Village First Villager Natigal PVC Figure,Figures,$185.00 USD,"['https://giftmania.online/cdn/shop/files/CENSOR.png?v=1719410195&width=1946', 'https://giftmania.online/cdn/shop/files/CENSOR_1.png?v=1719410275&width=1946']"
Raphael (Teenage Mutant Ninja Turtles) Jumbo Vinyl Figure,Figures,$115.00 USD,"['https://giftmania.online/cdn/shop/files/Untitleddesign_26_67c44116-291d-4c5c-a3b1-c8a05ddf34a2.png?v=1718970248&width=1946', 'https://giftmania.online/cdn/shop/files/Untitleddesign_27_9b334f26-8762-4e04-b7a9-9037710fd57f.png?v=1718970353&width=1946']"
SDCC (Teenage Mutant Ninja Turtles) Mini Figurines,Figures,$80.00 USD,['https://giftmania.online/cdn/shop/files/ScreenShot2024-06-21at2.39.24PM.png?v=1718969932&width=1946']
Bandai (Baki) Baki Hanma Figure,Figures,$350.00 USD,"['https://giftmania.online/cdn/shop/files/ScreenShot2024-06-21at2.23.40PM.png?v=1718969000&width=1946', 'https://giftmania.online/cdn/shop/files/Untitleddesign_25_d3c162a2-18a3-428e-abfc-6f930c9a270c.png?v=1718969274&width=1946']"
Donatello (Teenage Mutant Ninja Turtle) Vinyl figure,Figures,$15.00 USD,['https://giftmania.online/cdn/shop/files/s-l400.jpg?v=1718968633&width=1946']
Ciel Phantomhive (Black Butler) 1/8 scale Figure,Figures,$90.00 USD,"['https://giftmania.online/cdn/shop/files/Untitleddesign_23_7c46f29c-a09a-4b40-aae4-86e74a72c909.png?v=1718968260&width=1946', 'https://giftmania.online/cdn/shop/files/Untitleddesign_24_9b03f456-bef8-4328-9674-1f252f07ab5e.png?v=1718968512&width=1946']"
Ciel Phantomhive (Black Butler) Figure,Figures,$90.00 USD,"['https://giftmania.online/cdn/shop/files/Untitleddesign_22_399ae435-dd7b-4650-ac94-8f14b95950c4.png?v=1718968125&width=1946', 'https://giftmania.online/cdn/shop/files/Untitleddesign_21_0cf71688-90c7-4d6e-915b-992495ddd3a4.png?v=1718968067&width=1946']"
Sebastian Michaelis (Black Butler) Figure,Figures,$110.00 USD,"['https://giftmania.online/cdn/shop/files/Untitleddesign_20_cdf1c5db-f5de-486d-a9ce-75f7cc14a66e.png?v=1718967837&width=1946', 'https://giftmania.online/cdn/shop/files/Untitleddesign_19_0c501bf9-2660-4e76-8b8f-e2dad8987094.png?v=1718967854&width=1946']"
Nadia (The Secret of Blue Water) PVC Figure,Figures,$50.00 USD,"['https://giftmania.online/cdn/shop/files/Untitleddesign_17_b7a74870-4604-4474-840b-ab5802568d03.png?v=1718966837&width=1946', 'https://giftmania.online/cdn/shop/files/Untitleddesign_18_1ed40be6-9fa9-4551-be2a-2c02878986c5.png?v=1718966904&width=1946']"
Deadpool Ultimate Collector's 1/4 Scale Epic Marvel Action Figure,Figures,$250.00 USD,"['https://giftmania.online/cdn/shop/files/deadpool8.png?v=1723055250&width=1946', 'https://giftmania.online/cdn/shop/files/deadpool7.png?v=1723055250&width=1946', 'https://giftmania.online/cdn/shop/files/deadpool6.png?v=1723055250&width=1946', 'https://giftmania.online/cdn/shop/files/deadpool5.png?v=1723055250&width=1946', 'https://giftmania.online/cdn/shop/files/deadpool4.png?v=1723055250&width=1946']"
Conan and Shinichi Kudo (Detective Conan) Figure PVC,Figures,$125.00 USD,"['https://giftmania.online/cdn/shop/files/CENSOR_12.png?v=1719414586&width=1946', 'https://giftmania.online/cdn/shop/files/image-removebg-preview_31.png?v=1719414705&width=1946']"
Al Pacino (ScarFace),Figures,$165.00 USD,['https://giftmania.online/cdn/shop/files/CENSOR_11.png?v=1719414228&width=1946']
Al Pacino (ScarFace) Figure,Figures,$165.00 USD,"['https://giftmania.online/cdn/shop/files/CENSOR_10.png?v=1719414068&width=1946', 'https://giftmania.online/cdn/shop/files/CENSOR_9.png?v=1719414009&width=1946']"
Gray worm (Game of Thrones) Figure,Figures,$55.00 USD,['https://giftmania.online/cdn/shop/files/CENSOR_7.png?v=1719412274&width=1946']
"Neca (V For Vendetta) ""V""",Figures,$200.00 USD,"['https://giftmania.online/cdn/shop/files/CENSOR_5.png?v=1719412047&width=1946', 'https://giftmania.online/cdn/shop/files/CENSOR_6.png?v=1719412077&width=1946']"
Kazama Chikage (hakuouki shinsengumi) PVC mask,Figures,$55.00 USD,"['https://giftmania.online/cdn/shop/files/CENSOR_2.png?v=1719411331&width=1946', 'https://giftmania.online/cdn/shop/files/CENSOR_3.png?v=1719411496&width=1946']"
Dark Elf Village First Villager Natigal PVC Figure,Figures,$185.00 USD,"['https://giftmania.online/cdn/shop/files/CENSOR.png?v=1719410195&width=1946', 'https://giftmania.online/cdn/shop/files/CENSOR_1.png?v=1719410275&width=1946']"
Raphael (Teenage Mutant Ninja Turtles) Jumbo Vinyl Figure,Figures,$115.00 USD,"['https://giftmania.online/cdn/shop/files/Untitleddesign_26_67c44116-291d-4c5c-a3b1-c8a05ddf34a2.png?v=1718970248&width=1946', 'https://giftmania.online/cdn/shop/files/Untitleddesign_27_9b334f26-8762-4e04-b7a9-9037710fd57f.png?v=1718970353&width=1946']"
SDCC (Teenage Mutant Ninja Turtles) Mini Figurines,Figures,$80.00 USD,['https://giftmania.online/cdn/shop/files/ScreenShot2024-06-21at2.39.24PM.png?v=1718969932&width=1946']
Bandai (Baki) Baki Hanma Figure,Figures,$350.00 USD,"['https://giftmania.online/cdn/shop/files/ScreenShot2024-06-21at2.23.40PM.png?v=1718969000&width=1946', 'https://giftmania.online/cdn/shop/files/Untitleddesign_25_d3c162a2-18a3-428e-abfc-6f930c9a270c.png?v=1718969274&width=1946']"
Donatello (Teenage Mutant Ninja Turtle) Vinyl figure,Figures,$15.00 USD,['https://giftmania.online/cdn/shop/files/s-l400.jpg?v=1718968633&width=1946']
Ciel Phantomhive (Black Butler) 1/8 scale Figure,Figures,$90.00 USD,"['https://giftmania.online/cdn/shop/files/Untitleddesign_23_7c46f29c-a09a-4b40-aae4-86e74a72c909.png?v=1718968260&width=1946', 'https://giftmania.online/cdn/shop/files/Untitleddesign_24_9b03f456-bef8-4328-9674-1f252f07ab5e.png?v=1718968512&width=1946']"
Ciel Phantomhive (Black Butler) Figure,Figures,$90.00 USD,"['https://giftmania.online/cdn/shop/files/Untitleddesign_22_399ae435-dd7b-4650-ac94-8f14b95950c4.png?v=1718968125&width=1946', 'https://giftmania.online/cdn/shop/files/Untitleddesign_21_0cf71688-90c7-4d6e-915b-992495ddd3a4.png?v=1718968067&width=1946']"
Sebastian Michaelis (Black Butler) Figure,Figures,$110.00 USD,"['https://giftmania.online/cdn/shop/files/Untitleddesign_20_cdf1c5db-f5de-486d-a9ce-75f7cc14a66e.png?v=1718967837&width=1946', 'https://giftmania.online/cdn/shop/files/Untitleddesign_19_0c501bf9-2660-4e76-8b8f-e2dad8987094.png?v=1718967854&width=1946']"
Nadia (The Secret of Blue Water) PVC Figure,Figures,$50.00 USD,"['https://giftmania.online/cdn/shop/files/Untitleddesign_17_b7a74870-4604-4474-840b-ab5802568d03.png?v=1718966837&width=1946', 'https://giftmania.online/cdn/shop/files/Untitleddesign_18_1ed40be6-9fa9-4551-be2a-2c02878986c5.png?v=1718966904&width=1946']"
Suicide Squad (DC) Harley Quinn Cosbaby keychain,Figures,$40.00 USD,"['https://giftmania.online/cdn/shop/files/ScreenShot2024-06-15at1.09.59PM.png?v=1718446157&width=1946', 'https://giftmania.online/cdn/shop/files/ScreenShot2024-06-15at1.07.31PM.png?v=1718446030&width=1946']"
NECA (The Crow) Eric Draven,Figures,$250.00 USD,"['https://giftmania.online/cdn/shop/files/Untitleddesign_10_82c28a8a-c5b0-4e10-92a5-1fe0e8df524b.png?v=1718444077&width=1946', 'https://giftmania.online/cdn/shop/files/ScreenShot2024-06-15at12.34.14PM.png?v=1718444038&width=1946']"
Macfarlane toys (Spawn) The Samurai Warriors,Figures,$255.00 USD,"['https://giftmania.online/cdn/shop/files/H798280_Samurai-Spawn-Deluxe-Box-Set--2-Actionfiguren-Spawn-Archer-in-Box-CHF59.jpg?v=1718198704&width=1946', 'https://giftmania.online/cdn/shop/files/ScreenShot2024-06-12at4.25.22PM.png?v=1718198694&width=1946']"
Macfarlane Toys (The Art Of Spawn) Spawn vs Cygor,Figures,$265.00 USD,"['https://giftmania.online/cdn/shop/files/MacFarlaneToys_Hanna-Barbera_MagillaGorilla_55.png?v=1718197649&width=1946', 'https://giftmania.online/cdn/shop/files/ScreenShot2024-06-12at4.05.01PM.png?v=1718197478&width=1946']"
Starfire (DC comics) Bishoujo figur,Figures,$100.00 USD,"['https://giftmania.online/cdn/shop/files/MacFarlaneToys_Hanna-Barbera_MagillaGorilla_54.png?v=1718196818&width=1946', 'https://giftmania.online/cdn/shop/files/MacFarlaneToys_Hanna-Barbera_MagillaGorilla_53.png?v=1718196847&width=1946']"
Lady Deadpool (Marvel) Bishoujo statue,Figures,$120.00 USD,"['https://giftmania.online/cdn/shop/files/Toy-Kotobukiya-Action-Figure-Marvel-Lady-Deadpool-Bishoujo-Figure_72050c34-5d80-49bb-8191-89e4028c581b.dcd33a8599f0856b431220be32508d86.webp?v=1718196300&width=1946', 'https://giftmania.online/cdn/shop/files/MacFarlaneToys_Hanna-Barbera_MagillaGorilla_50.png?v=1718196229&width=1946']"
Little Apple Dolls series 2 Animula,Figures,$90.00 USD,"['https://giftmania.online/cdn/shop/files/MacFarlaneToys_Hanna-Barbera_MagillaGorilla_48.png?v=1718195885&width=1946', 'https://giftmania.online/cdn/shop/files/MacFarlaneToys_Hanna-Barbera_MagillaGorilla_49.png?v=1718195998&width=1946']"
MacFarlane Toys (Spawn) The Creech,Figures,$285.00 USD,"['https://giftmania.online/cdn/shop/files/MacFarlaneToys_Hanna-Barbera_MagillaGorilla_47.png?v=1718195543&width=1946', 'https://giftmania.online/cdn/shop/files/MacFarlaneToys_Hanna-Barbera_MagillaGorilla_46.png?v=1718195480&width=1946']"
Bandai (Gundam) NEO Hong Kong Mobile Action Figure,Figures,$160.00 USD,"['https://giftmania.online/cdn/shop/files/MacFarlaneToys_Hanna-Barbera_MagillaGorilla_33.png?v=1718191217&width=1946', 'https://giftmania.online/cdn/shop/files/image-removebg-preview_30.png?v=1718191263&width=1946']"
Bandai (Gundam) Master Grade Gundam Spiegel GF13-021 Action Figure,Figures,$120.00 USD,"['https://giftmania.online/cdn/shop/files/MacFarlaneToys_Hanna-Barbera_MagillaGorilla_31.png?v=1718190846&width=1946', 'https://giftmania.online/cdn/shop/files/MacFarlaneToys_Hanna-Barbera_MagillaGorilla_32.png?v=1718191024&width=1946']"
Tryndamere (League of Legends),Figures,$135.00 USD,"['https://giftmania.online/cdn/shop/files/MacFarlaneToys_Hanna-Barbera_MagillaGorilla_23.png?v=1718105015&width=1946', 'https://giftmania.online/cdn/shop/files/MacFarlaneToys_Hanna-Barbera_MagillaGorilla_24.png?v=1718105176&width=1946']"
Emumu (League Of Legends),Figures,$35.00 USD,"['https://giftmania.online/cdn/shop/files/MacFarlaneToys_Hanna-Barbera_MagillaGorilla_21.png?v=1718104323&width=1946', 'https://giftmania.online/cdn/shop/files/MacFarlaneToys_Hanna-Barbera_MagillaGorilla_22.png?v=1718104429&width=1946']"
Terminator Ezrael (League Of Legends),Figures,$135.00 USD,"['https://giftmania.online/cdn/shop/files/MacFarlaneToys_Hanna-Barbera_MagillaGorilla_19.png?v=1718103106&width=1946', 'https://giftmania.online/cdn/shop/files/MacFarlaneToys_Hanna-Barbera_MagillaGorilla_20.png?v=1718103256&width=1946']"
Aatrox (League Of Legends),Figures,$135.00 USD,"['https://giftmania.online/cdn/shop/files/MacFarlaneToys_Hanna-Barbera_MagillaGorilla_16.png?v=1718102247&width=1946', 'https://giftmania.online/cdn/shop/files/MacFarlaneToys_Hanna-Barbera_MagillaGorilla_17.png?v=1718102382&width=1946']"
Teemo Badger skin (League Of Legends),Figures,$25.00 USD,"['https://giftmania.online/cdn/shop/files/MacFarlaneToys_Hanna-Barbera_MagillaGorilla_14.png?v=1718101608&width=1946', 'https://giftmania.online/cdn/shop/files/MacFarlaneToys_Hanna-Barbera_MagillaGorilla_15.png?v=1718101719&width=1946']"
Macfarlane Toys (The Art Of Spawn) Vandalizer 2,Figures,$185.00 USD,"['https://giftmania.online/cdn/shop/files/MacFarlaneToys_Hanna-Barbera_MagillaGorilla_3_55e563ba-8c33-46cd-a6b0-02c279ec0e3c.png?v=1717847137&width=1946', 'https://giftmania.online/cdn/shop/files/MacFarlaneToys_Hanna-Barbera_MagillaGorilla_4_126eb3b9-e4f9-43df-b78a-36aedec90ed1.png?v=1717847268&width=1946']"
Macfarlane Toys (The Art Of Spawn) Spawn The Black Knight,Figures,$385.00 USD,"['https://giftmania.online/cdn/shop/files/MacFarlaneToys_Hanna-Barbera_MagillaGorilla_2_f2845590-21aa-4624-ad2e-064c5ff0d50a.png?v=1717846718&width=1946', 'https://giftmania.online/cdn/shop/files/ScreenShot2024-06-08at2.43.00PM.png?v=1717846960&width=1946']"
Macfarlane Toys (6 Faces of Madness) Billy The Kid,Figures,$195.00 USD,"['https://giftmania.online/cdn/shop/files/939ce8ec-6281-42a7-90fe-8a1bbfd42bcb_1.ef201af5976671b6de7429df189d4c6a.webp?v=1717845929&width=1946', 'https://giftmania.online/cdn/shop/files/billythekid_900x_5afcd4fd-9be3-4b92-b558-cbb53883cbc6.webp?v=1717845951&width=1946']"
